success,spl,distance_to_goal,human_collision,psc
1.0,0.9654295846616716,0.14758943021297455,0.0,0.975
